"NUTS level","NUTS code","Region name","1997","1998","1999","2000","2001","2002","2003","2004","2005","2006","2007","2008","2009","2010","2011","2012","2013","2014","2015","2016","2017"
"UK","UK","United Kingdom","10807","11191","11557","12321","12779","13137","13464","13939","14427","15007","15644","16074","16344","16353","16570","17310","17866","18297","19234","19322","19514"
"Other","UK0","England","11062","11468","11851","12625","13085","13425","13741","14211","14714","15302","15962","16372","16667","16659","16854","17634","18221","18676","19693","19791","19988"
"NUTS1","UKC","North East","9244","9456","9706","10347","10802","11036","11310","11752","11971","12405","12711","13002","13603","13739","13916","14580","14801","15056","15614","15605","15809"
"NUTS2","UKC1","Tees Valley and Durham","9195","9311","9623","10237","10701","10890","11090","11543","11844","12234","12496","12744","13297","13442","13638","14243","14425","14777","15275","15221","15458"
"NUTS3","UKC11","Hartlepool","9245","9332","9714","10238","10677","11026","11263","11704","12141","12591","12884","13206","13708","13842","14202","14702","14717","15097","15498","15432","15782"
"NUTS3","UKC11","Stockton-on-Tees","9245","9332","9714","10238","10677","11026","11263","11704","12141","12591","12884","13206","13708","13842","14202","14702","14717","15097","15498","15432","15782"
"NUTS3","UKC12","South Teesside","8961","8768","9146","9771","10239","10318","10496","10874","11250","11710","11861","12120","12860","12846","13099","13956","14083","14572","14959","14835","14955"
"NUTS3","UKC13","Darlington","9612","9626","9699","10634","11483","11588","11873","12131","12343","12575","13178","13178","13840","13757","13655","14306","14691","14828","15486","15916","15953"
"NUTS3","UKC14","County Durham","9219","9547","9831","10423","10821","10997","11170","11709","11908","12255","12489","12737","13193","13474","13610","14130","14391","14697","15276","15166","15445"
"NUTS2","UKC2","Northumberland and Tyne and Wear","9285","9574","9774","10437","10885","11156","11491","11925","12075","12547","12888","13216","13855","13985","14146","14859","15111","15286","15893","15923","16099"
"NUTS3","UKC21","Northumberland","10279","10534","10957","11766","12219","12455","12973","13379","13631","14455","14751","15630","16573","16404","16552","17238","17623","17810","18463","18498","18855"
"NUTS3","UKC22","Tyneside","9192","9571","9620","10218","10691","10959","11258","11747","11770","12155","12485","12645","13237","13447","13576","14320","14503","14728","15370","15294","15432"
"NUTS3","UKC23","Sunderland","8498","8567","8944","9623","9989","10299","10529","10825","11225","11552","11969","12156","12593","12824","13101","13756","14077","14090","14550","14901","14976"
"NUTS1","UKD","North West","9779","10078","10485","11093","11469","11826","12162","12538","12912","13316","13805","14057","14567","14597","14761","15341","15723","16034","16786","16773","16861"
"NUTS2","UKD1","Cumbria","9996","10535","10716","11238","11963","12192","12721","13250","13681","14205","14758","15019","15659","15976","16080","16919","17390","17753","18555","18587","18537"
"NUTS3","UKD11","West Cumbria","9002","9521","9663","10393","10972","10981","11419","11974","12278","12852","13645","13863","14377","14693","14887","15809","16066","16387","17240","17308","17437"
"NUTS3","UKD12","East Cumbria","10936","11486","11705","12026","12882","13307","13912","14408","14944","15418","15754","16056","16810","17125","17148","17906","18564","18964","19720","19717","19504"
"NUTS2","UKD3","Greater Manchester","9608","9880","10398","11014","11335","11642","11846","12156","12492","12890","13313","13492","13891","13903","14068","14635","14981","15268","15952","15933","16106"
"NUTS3","UKD33","Manchester","7167","7536","8139","8603","8969","9404","9460","9689","10072","10356","10647","10878","11373","11351","11564","11912","12258","12492","13196","13220","13355"
"NUTS3","UKD34","Greater Manchester South West","11949","12254","12763","13563","13846","14207","14455","14832","15219","15595","16045","16229","16476","16351","16509","17092","17343","17605","18853","18966","19089"
"NUTS3","UKD35","Greater Manchester South East","9875","10123","10736","11418","11655","11981","12351","12511","12944","13420","13906","14137","14739","14871","15135","15748","16151","16621","17434","17652","17899"
"NUTS3","UKD36","Greater Manchester North West","9934","10163","10603","11213","11571","11799","12034","12409","12674","13102","13552","13662","13970","14014","14113","14724","15023","15158","15409","15198","15408"
"NUTS3","UKD37","Greater Manchester North East","9075","9324","9788","10365","10734","10991","11126","11533","11816","12237","12680","12844","13211","13239","13374","14045","14460","14810","15393","15260","15406"
"NUTS2","UKD4","Lancashire","9542","9789","10053","10712","11121","11371","11665","12035","12480","12853","13348","13693","14249","14256","14488","14860","15131","15445","16165","16208","16110"
"NUTS3","UKD41","Blackburn with Darwen","8447","8596","8998","9127","9397","9363","9701","9934","10439","10740","10917","10889","11105","11418","11390","11619","11698","12062","12470","12516","12623"
"NUTS3","UKD42","Blackpool","9584","9820","9865","10727","10875","11010","10799","10946","11116","11346","11855","12145","12641","12804","13243","13422","13651","13973","14571","14794","14796"
"NUTS3","UKD44","Lancaster","9220","9529","9789","10496","10938","11350","11683","12064","12457","12860","13362","13731","14475","14437","14635","15036","15449","15749","16203","16162","16124"
"NUTS3","UKD44","Wyre","9220","9529","9789","10496","10938","11350","11683","12064","12457","12860","13362","13731","14475","14437","14635","15036","15449","15749","16203","16162","16124"
"NUTS3","UKD45","Mid Lancashire","10793","11087","11320","12081","12626","12891","13261","13666","14112","14536","15028","15367","15999","15911","16081","16523","16745","17165","18014","18106","17924"
"NUTS3","UKD46","East Lancashire","8301","8538","8806","9353","9735","9941","10254","10681","11219","11571","12166","12648","13120","13122","13352","13673","14045","14133","14777","14965","14940"
"NUTS3","UKD47","Chorley and West Lancashire","10391","10576","10936","11741","12199","12549","12922","13347","13839","14252","14786","15189","15808","15722","16131","16624","16809","17223","18380","18092","17747"
"NUTS2","UKD6","Cheshire","11373","11710","12194","12851","13175","13896","14559","15133","15572","16040","16607","16935","17440","17357","17526","18375","18991","19498","20696","20541","20821"
"NUTS3","UKD61","Warrington","10409","10786","11163","12172","12742","13000","13326","14046","14289","14785","15491","15555","15797","15851","16177","17117","17232","17749","19035","18614","18449"
"NUTS3","UKD62","Cheshire East","12160","12524","13028","13608","13849","14766","15497","15938","16455","16975","17479","17805","18373","18244","18448","19204","20242","20875","22374","22238","22735"
"NUTS3","UKD63","Cheshire West and Chester","11077","11362","11892","12425","12695","13475","14260","14890","15357","15752","16306","16797","17395","17284","17319","18215","18671","19034","19842","19832","20147"
"NUTS2","UKD7","Merseyside","9309","9599","9983","10526","10873","11243","11589","11913","12223","12588","13113","13356","13980","14045","14168","14730","15114","15335","15966","15988","16037"
"NUTS3","UKD71","East Merseyside","8211","8474","8873","9620","10112","10397","10720","11139","11584","11941","12577","12889","13404","13457","13618","14114","14396","14593","15294","15483","15421"
"NUTS3","UKD72","Liverpool","8427","8600","9056","9561","10058","10294","10604","10928","11096","11621","11988","12012","12590","12688","12847","13326","13692","14036","14595","14518","14557"
"NUTS3","UKD73","Sefton","11409","11798","11995","12046","11858","12368","12734","13096","13643","13908","14314","14649","15536","15612","15705","16436","16963","16939","17746","17765","18003"
"NUTS3","UKD74","Wirral","10231","10641","11060","11805","12213","12773","13188","13359","13494","13736","14442","14819","15445","15485","15542","16195","16634","16926","17442","17407","17489"
"NUTS1","UKE","Yorkshire and The Humber","9660","10067","10432","11023","11364","11704","12005","12337","12640","13053","13547","13735","14093","14058","14323","14834","15159","15468","16159","16153","16119"
"NUTS2","UKE1","East Yorkshire and Northern Lincolnshire","9233","9587","10064","10573","10869","11244","11565","11935","12258","12644","13120","13288","13643","13671","14084","14489","14617","14893","15588","15642","15647"
"NUTS3","UKE11","Kingston upon Hull","7390","7766","8199","8995","9511","9802","9808","9934","10138","10208","10556","10869","11399","11418","11757","12135","12239","12586","13019","13109","12960"
"NUTS3","UKE12","East Riding of Yorkshire","10776","11035","11814","12167","12150","12659","13131","13722","14254","14866","15219","15404","15832","15898","16254","16662","16852","17139","18197","18170","18294"
"NUTS3","UKE13","North and North East Lincolnshire","9268","9681","9858","10254","10663","10952","11362","11698","11905","12306","12998","13033","13170","13162","13685","14109","14192","14395","14939","15050","15059"
"NUTS2","UKE2","North Yorkshire","11413","12205","12418","12688","13138","13736","14014","14285","14963","15823","16353","16642","17298","17066","17396","18156","18495","18719","19750","19708","19902"
"NUTS3","UKE21","York","10501","11310","11996","12442","12981","13565","13494","13129","13395","14079","14847","14939","15506","15461","15623","16413","16703","17256","17955","18049","17917"
"NUTS3","UKE22","North Yorkshire CC","11700","12487","12551","12766","13188","13790","14180","14657","15468","16383","16836","17188","17876","17588","17980","18732","19093","19212","20360","20271","20578"
"NUTS2","UKE3","South Yorkshire","8965","9295","9705","10304","10768","11041","11343","11707","11905","12191","12582","12775","13143","13140","13383","13891","14204","14639","15128","15145","15098"
"NUTS3","UKE31","Barnsley","8729","9083","9516","10167","10540","10786","11151","11389","11721","12079","12561","12659","12962","13106","13484","14047","14434","14855","15365","15385","15215"
"NUTS3","UKE31","Doncaster","8729","9083","9516","10167","10540","10786","11151","11389","11721","12079","12561","12659","12962","13106","13484","14047","14434","14855","15365","15385","15215"
"NUTS3","UKE31","Rotherham","8729","9083","9516","10167","10540","10786","11151","11389","11721","12079","12561","12659","12962","13106","13484","14047","14434","14855","15365","15385","15215"
"NUTS3","UKE32","Sheffield","9311","9605","9981","10503","11102","11416","11628","12173","12173","12354","12613","12944","13407","13189","13239","13669","13876","14331","14792","14807","14934"
"NUTS2","UKE4","West Yorkshire","9651","9988","10324","11054","11295","11568","11867","12184","12406","12746","13296","13455","13703","13691","13886","14353","14761","15041","15734","15703","15581"
"NUTS3","UKE41","Bradford","9303","9548","9930","10610","10571","10796","10925","11327","11383","11629","12035","12208","12450","12307","12430","12868","13301","13642","14255","14199","13969"
"NUTS3","UKE42","Leeds","10156","10487","10828","11685","12038","12325","12590","12726","12950","13348","13981","14249","14501","14525","14862","15241","15651","15890","16579","16614","16603"
"NUTS3","UKE44","Calderdale","9502","9883","10200","10851","11135","11371","11780","12189","12469","12807","13338","13425","13678","13665","13882","14459","14866","15156","15887","15752","15534"
"NUTS3","UKE44","Kirklees","9502","9883","10200","10851","11135","11371","11780","12189","12469","12807","13338","13425","13678","13665","13882","14459","14866","15156","15887","15752","15534"
"NUTS3","UKE45","Wakefield","9291","9694","9989","10652","10985","11377","11815","12247","12610","12975","13606","13650","13899","14027","13979","14473","14837","15087","15833","15879","15845"
"NUTS1","UKF","East Midlands","9861","10196","10526","11073","11516","11834","12268","12675","13018","13421","14133","14327","14572","14488","14804","15410","15790","16142","16904","16802","16932"
"NUTS2","UKF1","Derbyshire and Nottinghamshire","9368","9780","10165","10632","11141","11508","11914","12317","12578","13009","13670","13903","14173","13974","14180","14786","15239","15581","16389","16316","16303"
"NUTS3","UKF11","Derby","9273","9507","9842","9922","10440","10872","11086","11486","11404","12113","12398","12332","13035","12543","12541","13363","13756","14304","14873","14721","14556"
"NUTS3","UKF12","East Derbyshire","8592","9024","9531","9974","10772","11087","11281","11606","11949","12504","13145","13131","13324","13221","13512","14102","14363","14632","15569","15300","15033"
"NUTS3","UKF13","South and West Derbyshire","9671","10047","10469","11036","11497","11916","12760","13333","13799","14269","14935","15228","15391","15319","15911","16517","17221","17427","18607","18728","18781"
"NUTS3","UKF14","Nottingham","8286","8653","9004","9413","9620","9829","9892","9734","9894","10087","10511","10752","10783","10691","10729","11089","11651","11886","12374","12477","12445"
"NUTS3","UKF15","North Nottinghamshire","9028","9561","9863","10529","10956","11366","11697","12300","12532","12776","13603","13937","14296","14081","14180","14646","14894","15326","16233","16077","16097"
"NUTS3","UKF16","South Nottinghamshire","11022","11469","11853","12256","12930","13303","13801","14263","14566","15106","16042","16478","16771","16496","16548","17454","17912","18355","18893","18761","18962"
"NUTS2","UKF2","Leicestershire, Rutland and Northamptonshire","10408","10638","10936","11609","11997","12267","12713","13117","13495","13919","14690","14774","14962","14938","15356","15992","16333","16694","17500","17369","17623"
"NUTS3","UKF21","Leicester","8339","8256","8623","9189","9538","9812","9967","10163","10083","10272","10730","10622","10927","11095","11150","11628","11839","12024","12470","12750","12560"
"NUTS3","UKF22","Leicestershire CC","11130","11459","11723","12295","12677","13058","13652","14127","14548","14909","15607","15723","16060","16052","16381","16938","17225","17596","18382","18077","18380"
"NUTS3","UKF22","Rutland","11130","11459","11723","12295","12677","13058","13652","14127","14548","14909","15607","15723","16060","16052","16381","16938","17225","17596","18382","18077","18380"
"NUTS3","UKF24","West Northamptonshire","10962","11220","11515","12440","12858","12991","13364","13788","14329","14954","16027","16070","16011","15969","16958","17798","18202","18684","19716","19617","20104"
"NUTS3","UKF25","North Northamptonshire","10258","10560","10803","11480","11851","12038","12543","13008","13610","14195","15109","15387","15455","15263","15604","16329","16850","17238","18218","18010","18346"
"NUTS2","UKF3","Lincolnshire","10085","10427","10659","11138","11508","11790","12277","12701","13205","13461","14178","14516","14823","14929","15322","15858","16109","16465","16978","16853","17094"
"NUTS3","UKF30","Lincolnshire","10085","10427","10659","11138","11508","11790","12277","12701","13205","13461","14178","14516","14823","14929","15322","15858","16109","16465","16978","16853","17094"
"NUTS1","UKG","West Midlands","9840","10303","10573","11188","11610","11920","12170","12537","12747","13182","13516","13882","14207","14253","14478","14966","15381","15794","16580","16706","16885"
"NUTS2","UKG1","Herefordshire, Worcestershire and Warwickshire","11211","11821","12078","12779","13296","13725","14062","14638","15052","15718","15992","16474","16793","16724","17093","17706","18301","18838","20012","20410","20834"
"NUTS3","UKG11","Herefordshire, County of","10235","10776","10908","11553","12146","12598","13012","13682","14029","14860","15053","15645","16038","16327","16865","17288","17852","17956","18913","18875","18804"
"NUTS3","UKG12","Worcestershire","11147","11869","12053","12567","13073","13531","13750","14433","15044","15803","15889","16250","16547","16345","16659","17229","17844","18387","19433","19627","20243"
"NUTS3","UKG13","Warwickshire","11610","12127","12509","13433","13931","14317","14751","15178","15404","15918","16414","16985","17302","17250","17619","18343","18930","19607","20990","21747","22138"
"NUTS2","UKG2","Shropshire and Staffordshire","9993","10486","10755","11242","11625","11966","12344","12635","12978","13519","13964","14449","14741","14753","15001","15503","15929","16271","17152","17176","17256"
"NUTS3","UKG21","Telford and Wrekin","10080","10393","10532","10475","10407","10866","11413","11906","11838","12353","12840","13038","13385","13554","14048","14635","14881","15167","15932","16045","15937"
"NUTS3","UKG22","Shropshire CC","10765","11438","11487","11985","12226","12646","13121","13693","13953","14726","15081","15908","16331","16191","16538","16913","17248","17575","18649","18937","19133"
"NUTS3","UKG23","Stoke-on-Trent","8238","8455","8966","9387","9469","9618","9908","10190","10710","10822","11372","11542","11817","11904","12238","12680","13093","13268","13802","13933","14217"
"NUTS3","UKG24","Staffordshire CC","10255","10794","11086","11688","12295","12639","12971","13125","13522","14110","14544","15054","15291","15303","15441","15991","16488","16895","17831","17713","17729"
"NUTS2","UKG3","West Midlands","9118","9491","9765","10405","10798","11032","11163","11474","11508","11768","12063","12307","12659","12789","12940","13367","13694","14095","14657","14725","14846"
"NUTS3","UKG31","Birmingham","8785","9155","9410","10071","10447","10640","10785","11041","11038","11380","11614","11871","12134","12309","12408","12791","13038","13463","13978","13984","14128"
"NUTS3","UKG32","Solihull","12132","12651","13028","14048","15230","15714","15929","16230","16522","16755","17178","17396","17686","17679","18080","18811","19811","20387","21737","21766","21782"
"NUTS3","UKG33","Coventry","8977","9169","9473","10333","10773","11098","11098","11576","11448","11614","12217","12475","12891","13025","13173","13463","13705","13892","14202","14351","14455"
"NUTS3","UKG36","Dudley","9635","10034","10303","10840","11074","11210","11402","11843","11945","12267","12491","12651","13239","13464","13611","14238","14595","14927","15541","15609","15698"
"NUTS3","UKG37","Sandwell","8163","8495","8762","9291","9529","9722","9887","10189","10275","10454","10647","10833","11213","11340","11540","11964","12123","12589","13165","13259","13359"
"NUTS3","UKG38","Walsall","8864","9319","9528","9955","10155","10455","10544","10799","10818","10992","11245","11538","11941","11994","12191","12604","13025","13516","14017","14092","14300"
"NUTS3","UKG39","Wolverhampton","8917","9331","9643","10097","10412","10610","10715","10969","11037","11216","11547","11879","12227","12266","12377","12710","13004","13355","13841","14116","14231"
"NUTS1","UKH","East of England","11385","11740","12096","12910","13481","13888","14110","14495","15005","15444","16026","16581","17042","16978","17160","17922","18466","18895","19955","20013","20081"
"NUTS2","UKH1","East Anglia","10429","10751","11076","11848","12336","12707","12876","13286","13840","14185","14730","15323","15721","15789","15980","16715","17149","17561","18462","18456","18388"
"NUTS3","UKH11","Peterborough","9891","10313","10977","11704","12047","12280","12250","12323","12604","13269","13821","14004","14058","14163","14274","14828","15229","15819","16514","16669","16708"
"NUTS3","UKH12","Cambridgeshire CC","11500","12009","12568","13255","13477","14076","14074","14692","15601","16217","16710","17087","17461","17368","17440","18273","19031","19766","20688","20877","20787"
"NUTS3","UKH14","Suffolk","10205","10410","10651","11651","12247","12626","12896","13356","13810","14154","14619","15461","15975","15922","15987","16744","17145","17453","18434","18403","18353"
"NUTS3","UKH15","Norwich and East Norfolk","10023","10308","10467","11090","11653","11888","12101","12356","12715","12760","13406","14008","14395","14636","15044","15717","16012","16190","17132","16668","16632"
"NUTS3","UKH15","Norfolk","10023","10308","10467","11090","11653","11888","12101","12356","12715","12760","13406","14008","14395","14636","15044","15717","16012","16190","17132","16668","16632"
"NUTS3","UKH16","North and West Norfolk","9556","9778","10022","10677","11346","11646","11905","12179","12698","12779","13402","14102","14651","15024","15450","16142","16496","16701","17437","17312","17356"
"NUTS3","UKH17","Breckland and South Norfolk","10368","10659","10748","11428","12033","12196","12440","12783","13251","13412","14075","14648","14871","15091","15456","16152","16202","16513","17389","17629","17357"
"NUTS2","UKH2","Bedfordshire and Hertfordshire","12455","12916","13137","14173","14810","15209","15479","15826","16318","16959","17674","18109","18627","18519","18609","19476","20294","20834","22014","22087","22444"
"NUTS3","UKH21","Luton","9243","8974","9381","10015","10660","11033","11305","11525","11689","11788","12103","12307","12572","12690","12850","13339","13564","13959","14388","14965","15488"
"NUTS3","UKH23","Hertfordshire","13257","13952","14068","15291","16090","16413","16720","17083","17595","18402","19293","19718","20304","20027","20101","21123","22127","22799","24170","24123","24696"
"NUTS3","UKH24","Bedford","11394","11541","11914","12529","12617","13196","13373","13764","14379","14888","15386","15979","16498","16699","16955","17458","17850","18249","19497","19778","19827"
"NUTS3","UKH25","Central Bedfordshire","12116","12338","12776","13572","13830","14461","14612","14934","15512","15932","16340","16887","17328","17638","17677","18411","19161","19343","20306","20399","19870"
"NUTS2","UKH3","Essex","11620","11914","12443","13094","13707","14172","14431","14830","15306","15678","16180","16797","17285","17081","17341","18027","18436","18771","19923","20044","20013"
"NUTS3","UKH31","Southend-on-Sea","10656","11048","11561","12309","13066","13596","13920","13930","14213","14580","15017","15322","15867","15940","16066","16614","17155","17567","18619","18628","18518"
"NUTS3","UKH32","Thurrock","10113","10346","10512","10773","11272","11978","12403","12671","13004","13360","13898","14447","14847","14947","15015","15520","15854","16430","17128","17373","17594"
"NUTS3","UKH34","Essex Haven Gateway","10121","10439","11037","11646","12243","12748","12953","13438","13897","14231","14708","15321","15932","15710","16052","16697","17219","17418","18252","18342","18349"
"NUTS3","UKH35","West Essex","13437","13762","14262","15106","15651","16017","16231","16865","17629","18003","18560","19320","19490","19091","19496","20391","20790","21096","23154","23040","22676"
"NUTS3","UKH36","Heart of Essex","13649","13899","14533","15295","15900","16267","16510","16857","17337","17812","18337","19033","19530","19209","19442","20210","20639","21255","22505","22870","22889"
"NUTS3","UKH37","Essex Thames Gateway","11417","11687","12228","12807","13495","13945","14221","14613","15047","15394","15886","16521","17101","16911","17125","17771","17988","18134","19139","19303","19380"
"NUTS1","UKI","London","13177","13796","14465","15693","16244","16532","17111","17920","18955","19903","21197","21851","21718","21592","21497","23026","24212","25054","26757","27225","27825"
"NUTS2","UKI3","Inner London - West","20711","21962","23216","25582","25746","25522","26035","27855","30341","33211","36709","39049","38974","37211","36045","39216","43255","45315","47846","48144","49258"
"NUTS3","UKI31","Camden","18636","20694","21650","24066","24004","24045","24561","26615","29523","32397","35641","38849","38154","36140","34890","37863","41689","42121","44687","46075","46288"
"NUTS3","UKI32","Westminster","21114","22065","23828","26051","26439","26142","26628","28416","30724","33687","37496","40115","40948","39439","38599","42057","46304","48614","52143","51914","53101"
"NUTS3","UKI33","Kensington and Chelsea","27670","28241","28996","31401","31072","30558","31232","33233","35679","39206","43356","46088","45724","43815","42730","46881","52280","55615","58222","57532","60343"
"NUTS3","UKI33","Hammersmith and Fulham","27670","28241","28996","31401","31072","30558","31232","33233","35679","39206","43356","46088","45724","43815","42730","46881","52280","55615","58222","57532","60343"
"NUTS3","UKI34","Wandsworth","14022","15625","17196","19452","20076","20035","20385","21857","24231","26371","29178","30279","30437","28950","27676","29776","32486","34313","36055","37069","37129"
"NUTS2","UKI4","Inner London - East","10830","11349","12082","13180","13604","13893","14379","15150","16159","17223","18285","18632","18707","18995","19025","20209","20939","21666","23280","23774","24416"
"NUTS3","UKI41","Hackney","6446","7057","7778","8859","9470","9796","10364","11171","12310","13365","14265","14678","14866","14879","15010","15949","16895","17390","18704","19420","20002"
"NUTS3","UKI41","Newham","6446","7057","7778","8859","9470","9796","10364","11171","12310","13365","14265","14678","14866","14879","15010","15949","16895","17390","18704","19420","20002"
"NUTS3","UKI42","Tower Hamlets","13105","13601","14119","15242","15684","15770","16219","16892","17805","18758","19706","19935","20124","20092","19959","20929","21434","21686","23164","24066","24748"
"NUTS3","UKI43","Haringey","15251","15748","16713","17933","18326","18673","18968","19836","20837","22129","23481","23800","23640","23943","24036","25608","26040","26895","28473","28110","28577"
"NUTS3","UKI43","Islington","15251","15748","16713","17933","18326","18673","18968","19836","20837","22129","23481","23800","23640","23943","24036","25608","26040","26895","28473","28110","28577"
"NUTS3","UKI44","Lewisham","10055","10559","11231","12241","12625","12929","13543","14255","15202","16166","17156","17500","17625","18324","18252","19428","20211","21197","22547","23077","23737"
"NUTS3","UKI44","Southwark","10055","10559","11231","12241","12625","12929","13543","14255","15202","16166","17156","17500","17625","18324","18252","19428","20211","21197","22547","23077","23737"
"NUTS3","UKI45","Lambeth","11131","11624","12437","13609","13890","14182","14593","15304","16243","17270","18445","18850","18923","19287","19429","20688","21573","22485","25368","26381","27393"
"NUTS2","UKI5","Outer London - East and North East","11340","11731","12055","12883","13674","13980","14452","14928","15394","15782","16631","17095","17006","17079","17088","18219","18686","19153","20376","21014","21572"
"NUTS3","UKI51","Bexley","12793","13098","13451","14179","14921","15158","15571","15951","16325","16714","17538","17980","18024","18104","18052","18961","19473","19938","20948","21579","22211"
"NUTS3","UKI51","Greenwich","12793","13098","13451","14179","14921","15158","15571","15951","16325","16714","17538","17980","18024","18104","18052","18961","19473","19938","20948","21579","22211"
"NUTS3","UKI52","Barking and Dagenham","10286","10771","11063","11872","12639","12998","13540","14011","14430","14804","15666","16196","16077","16158","16242","17303","17704","17893","18868","19349","19331"
"NUTS3","UKI52","Havering","10286","10771","11063","11872","12639","12998","13540","14011","14430","14804","15666","16196","16077","16158","16242","17303","17704","17893","18868","19349","19331"
"NUTS3","UKI53","Redbridge","11094","11428","11809","12655","13525","13908","14364","14859","15386","15730","16486","16881","16703","16819","16835","18135","18647","19216","20712","21242","21926"
"NUTS3","UKI53","Waltham Forest","11094","11428","11809","12655","13525","13908","14364","14859","15386","15730","16486","16881","16703","16819","16835","18135","18647","19216","20712","21242","21926"
"NUTS3","UKI54","Enfield","10957","11441","11683","12654","13420","13622","14104","14690","15257","15733","16759","17297","17203","17179","17172","18448","18864","19539","20972","22040","23084"
"NUTS2","UKI6","Outer London - South","13000","13583","14162","15279","15799","16183","16937","17805","18583","19117","20094","20436","20110","20339","20595","21949","22687","23198","24680","25281","25749"
"NUTS3","UKI61","Bromley","13902","14718","15256","16429","16982","17356","18230","19203","20015","20631","21617","21882","21567","21815","22197","23673","24308","25264","26914","27674","28338"
"NUTS3","UKI62","Croydon","10307","10755","11404","12422","13071","13526","14240","14965","15706","16224","17113","17500","17286","17426","17629","18806","19393","19654","21024","21534","22608"
"NUTS3","UKI63","Merton","14253","14794","15324","16472","16881","17224","17940","18845","19624","20118","21154","21523","21119","21413","21654","23058","23952","24374","25828","26401","26359"
"NUTS3","UKI63","Kingston upon Thames","14253","14794","15324","16472","16881","17224","17940","18845","19624","20118","21154","21523","21119","21413","21654","23058","23952","24374","25828","26401","26359"
"NUTS3","UKI63","Sutton","14253","14794","15324","16472","16881","17224","17940","18845","19624","20118","21154","21523","21119","21413","21654","23058","23952","24374","25828","26401","26359"
"NUTS2","UKI7","Outer London - West and North West","13227","13865","14445","15501","16099","16581","17265","17752","18569","19102","20065","20627","20424","20494","20618","22134","23223","24096","25981","26342","26711"
"NUTS3","UKI71","Barnet","12787","13491","14026","15304","15811","16361","17109","17696","18760","19542","20617","21240","20838","20957","21104","22813","23730","24917","27511","28157","28950"
"NUTS3","UKI72","Brent","10842","11377","12076","12959","13557","14122","14771","15270","16245","16598","17468","17998","18080","18010","18163","19650","20834","21679","23208","23393","23568"
"NUTS3","UKI73","Ealing","12908","13485","13976","14860","15487","15944","16595","17015","17664","18120","19017","19594","19533","19747","19895","21493","22754","24028","25802","26162","26705"
"NUTS3","UKI74","Harrow","11479","12196","12829","13793","14538","15070","15754","16232","16976","17354","18323","18883","18570","18750","18788","20112","21115","21567","23045","23535","23944"
"NUTS3","UKI74","Hillingdon","11479","12196","12829","13793","14538","15070","15754","16232","16976","17354","18323","18883","18570","18750","18788","20112","21115","21567","23045","23535","23944"
"NUTS3","UKI75","Hounslow","17495","18118","18635","19909","20394","20723","21391","21814","22525","23220","24218","24781","24576","24460","24645","26178","27305","28136","30267","30367","30353"
"NUTS3","UKI75","Richmond upon Thames","17495","18118","18635","19909","20394","20723","21391","21814","22525","23220","24218","24781","24576","24460","24645","26178","27305","28136","30267","30367","30353"
"NUTS1","UKJ","South East","12937","13347","13643","14561","15015","15459","15606","16125","16694","17452","18187","18597","18911","18841","19092","19936","20620","20995","22212","22289","22568"
"NUTS2","UKJ1","Berkshire, Buckinghamshire and Oxfordshire","13692","14130","14401","15456","15811","16269","16441","16956","17442","18414","19236","19665","19913","19688","19948","20820","21496","22001","23425","23576","23631"
"NUTS3","UKJ11","Berkshire","13769","14236","14444","15550","15725","16169","16423","16731","17303","18015","19152","19507","19615","19381","19741","20651","21441","21787","23012","23234","23055"
"NUTS3","UKJ12","Milton Keynes","11164","11510","11725","12434","12846","13598","13830","14514","14958","15427","16139","16592","16631","16909","16921","17435","17679","18108","19316","19695","19985"
"NUTS3","UKJ13","Buckinghamshire CC","15154","15645","16044","17107","17831","18196","18308","18995","19546","20996","21775","22332","22779","22483","22672","23452","24200","24863","26479","26808","27304"
"NUTS3","UKJ14","Oxfordshire","13278","13681","13963","15077","15372","15830","15932","16528","16877","18006","18500","18936","19308","18979","19269","20301","20945","21569","23188","23016","22939"
"NUTS2","UKJ2","Surrey, East and West Sussex","14002","14595","14905","15774","16250","16694","16831","17330","18187","19082","19785","20130","20306","20345","20601","21560","22442","22787","24108","24158","24483"
"NUTS2","UKJ2","Surrey","14002","14595","14905","15774","16250","16694","16831","17330","18187","19082","19785","20130","20306","20345","20601","21560","22442","22787","24108","24158","24483"
"NUTS3","UKJ21","Brighton and Hove","12022","12245","12615","13500","14105","14547","14719","15270","16044","16280","16775","17358","17798","17564","17741","18290","18862","19237","20387","20345","20652"
"NUTS3","UKJ22","East Sussex CC","11836","12142","12504","13252","13804","14148","14377","14664","15271","15885","16971","17473","17728","18154","18086","18708","19558","19699","20696","21069","21367"
"NUTS3","UKJ25","West Surrey","16306","17180","17627","18462","18773","19341","19364","19989","21065","22427","23087","23380","23554","23432","23795","25088","26244","26814","28459","28317","28773"
"NUTS3","UKJ26","East Surrey","15858","16806","17162","18044","18319","18940","19028","19589","20801","22249","22973","23199","23037","22936","23247","24610","25484","25898","27653","27569","27717"
"NUTS3","UKJ27","West Sussex (South West)","11498","12103","12210","13173","13889","14219","14447","14917","15670","16303","16861","17167","17425","17606","17994","18830","19596","19822","21097","21126","21259"
"NUTS3","UKJ28","West Sussex (North East)","14831","15171","15233","16239","16776","17114","17291","17801","18410","18950","19460","19694","19794","19760","20102","20906","21645","21877","22775","23000","23531"
"NUTS2","UKJ3","Hampshire","11729","12033","12305","13169","13664","14129","14259","14770","15132","15663","16420","16912","17391","17298","17544","18339","18864","19127","20203","20228","20656"
"NUTS3","UKJ31","Portsmouth","9343","9500","9929","10818","10839","11305","11374","11358","11313","11519","12101","12505","13115","12961","13093","13266","13824","14037","15023","15164","15290"
"NUTS3","UKJ32","Southampton","9613","9636","9656","10318","10700","11139","11238","11547","11633","12139","12806","13060","13420","13316","13477","13844","14191","14409","14945","15318","15545"
"NUTS3","UKJ34","Isle of Wight","9844","10168","10327","10882","11679","11981","12085","12609","13167","13816","14356","14772","15473","15625","15874","16118","16469","16394","16969","16927","16910"
"NUTS3","UKJ35","South Hampshire","10761","11101","11451","12146","12792","13382","13560","14107","14531","14985","15711","16231","16816","16750","17029","17997","18690","18908","19714","19512","20032"
"NUTS3","UKJ36","Central Hampshire","13471","13908","14238","15361","15911","16350","16516","17245","17862","18583","19427","20062","20441","20329","20676","21739","22099","22501","23982","24191","24958"
"NUTS3","UKJ37","North Hampshire","13890","14206","14382","15338","15789","16218","16312","16907","17180","17637","18497","18969","19392","19274","19471","20516","21214","21523","22985","22800","23119"
"NUTS2","UKJ4","Kent","11574","11769","12093","12970","13482","13889","14042","14615","15068","15571","16215","16611","17048","17035","17274","17958","18503","18877","19808","19892","20237"
"NUTS3","UKJ41","Medway","10816","10763","11071","11752","12263","12637","12749","13322","13675","14067","14699","15060","15576","15497","15711","16157","16369","16635","17525","17605","17569"
"NUTS3","UKJ43","Kent Thames Gateway","10666","10904","11280","11995","12482","13008","13195","13634","14001","14430","15067","15454","15841","15840","16088","16680","17145","17470","18275","18662","18972"
"NUTS3","UKJ44","East Kent","9047","9352","9781","10542","11127","11617","11829","12322","12836","13298","13945","14395","15067","15147","15438","16097","16649","16937","17698","17768","18217"
"NUTS3","UKJ45","Mid Kent","12653","12896","13195","14176","14690","14943","15076","15659","16085","16569","17163","17532","17830","17809","17919","18711","19322","19609","20229","20460","21091"
"NUTS3","UKJ46","West Kent","15851","16005","16158","17436","17865","18190","18290","19102","19632","20331","21005","21368","21543","21441","21718","22630","23457","24168","25770","25470","25752"
"NUTS1","UKK","South West","11158","11509","11794","12414","12862","13110","13394","13815","14345","15072","15556","16086","16213","16381","16692","17204","17728","18194","19000","18973","18984"
"NUTS2","UKK1","Gloucestershire, Wiltshire and Bath/Bristol area","11575","11942","12321","13011","13434","13624","13878","14267","14825","15542","16032","16548","16645","16769","17088","17640","18281","18851","19781","19772","19752"
"NUTS3","UKK11","Bristol","10369","10638","10967","11691","12221","12394","12581","12943","13094","13692","14286","14706","14698","14999","15348","15692","16187","16676","17505","17853","17951"
"NUTS3","UKK12","Bath and North East Somerset, North Somerset and South Gloucestershire","12111","12643","13089","13471","13621","13792","14203","14482","15043","15911","16429","17122","17158","17245","17612","18260","18906","19393","20710","20529","20345"
"NUTS3","UKK13","Gloucestershire","11781","12086","12443","13187","13691","13763","13854","14460","15392","16141","16574","17144","17286","17454","17655","18305","19043","19820","20613","20490","20663"
"NUTS3","UKK14","Swindon","11117","11711","12156","12921","13546","13958","14085","14213","14557","15053","15329","15629","16118","15835","16039","16542","16906","17411","18038","18293","18291"
"NUTS3","UKK15","Wiltshire","11865","12073","12399","13376","13881","14166","14522","14919","15470","16145","16664","17057","17115","17260","17700","18214","18994","19526","20335","20257","20103"
"NUTS2","UKK2","Dorset","11402","11845","12127","12753","13215","13392","13827","14288","14805","15646","16141","16624","16526","16856","17233","17686","18172","18656","19446","19298","19406"
"NUTS2","UKK2","Somerset","11402","11845","12127","12753","13215","13392","13827","14288","14805","15646","16141","16624","16526","16856","17233","17686","18172","18656","19446","19298","19406"
"NUTS3","UKK21","Bournemouth","11450","11756","12223","13074","13487","13646","13947","14437","15011","15730","16329","16618","16235","16457","16694","17116","17739","18002","19063","18918","19275"
"NUTS3","UKK22","Dorset CC","11863","12418","12631","13307","13693","13953","14480","14796","15322","16311","16753","17269","17218","17605","18159","18733","19309","19882","20621","20501","20603"
"NUTS3","UKK23","Somerset","11009","11448","11671","12120","12674","12797","13242","13801","14276","15073","15548","16124","16162","16518","16849","17232","17560","18119","18780","18612","18573"
"NUTS2","UKK3","Cornwall","9946","10232","10255","10867","11484","11953","12119","12529","12971","13609","14094","14509","14752","15016","15395","15863","16090","16374","16916","17070","17021"
"NUTS3","UKK30","Isles of Scilly","9946","10232","10255","10867","11484","11953","12119","12529","12971","13609","14094","14509","14752","15016","15395","15863","16090","16374","16916","17070","17021"
"NUTS2","UKK4","Devon","10604","10852","11072","11551","11959","12304","12535","12980","13507","14167","14620","15282","15660","15689","15877","16391","16851","17166","17851","17838","17837"
"NUTS3","UKK41","Plymouth","9237","9605","9776","10394","10663","10855","11169","11500","11685","12121","12603","13037","13385","13865","14059","14299","14622","14916","15403","15366","15515"
"NUTS3","UKK42","Torbay","10035","10155","10454","11306","11353","11540","11881","12277","12981","13519","13749","14456","14709","14878","15141","15600","16056","16498","16867","17078","17342"
"NUTS3","UKK43","Devon CC","11201","11420","11638","11994","12513","12940","13121","13612","14225","14983","15465","16196","16607","16455","16630","17245","17750","18049","18850","18801","18698"
"NUTS1","UKL","Wales","9423","9589","9920","10638","11049","11405","11792","12206","12502","12892","13236","13771","13771","13896","14174","14707","14881","15188","15646","15596","15754"
"NUTS2","UKL1","West Wales and The Valleys","9196","9346","9605","10220","10665","10986","11360","11779","12101","12440","12765","13298","13338","13413","13651","14220","14419","14680","15082","15045","15167"
"NUTS3","UKL11","Isle of Anglesey","9619","10026","10136","10701","10883","11169","11703","12379","12533","12624","13140","13952","14228","14388","14750","15310","15653","15815","16232","16314","16600"
"NUTS3","UKL12","Gwynedd","8938","9050","9447","9889","10459","10938","11180","11825","12229","12845","12996","13134","13332","13354","13531","13956","14179","14526","14959","14935","15071"
"NUTS3","UKL13","Conwy and Denbighshire","10424","10531","10665","11244","11650","12107","12466","12914","13527","13671","13910","14576","14470","14615","15100","15667","15781","16034","16412","16247","16486"
"NUTS3","UKL14","South West Wales","9171","9343","9492","9670","10106","10604","11086","11468","12121","12821","13001","13620","13726","13901","14284","14897","15038","15306","15670","15641","15821"
"NUTS3","UKL15","Central Valleys","8099","8102","8408","9208","9875","10320","10555","11061","11418","11674","12089","12449","12472","12656","12823","13320","13546","13723","14151","14221","14258"
"NUTS3","UKL16","Gwent Valleys","8832","8959","9377","10259","10491","10672","11150","11486","11561","11615","12071","12388","12324","12481","12747","13356","13594","13665","14200","14346","14435"
"NUTS3","UKL17","Bridgend and Neath Port Talbot","9747","9972","10107","11010","11319","11246","11630","12002","12200","12537","13008","13441","13446","13503","13555","14160","14512","14746","15160","15064","14971"
"NUTS3","UKL18","Swansea","9476","9697","10051","10526","11228","11565","11804","12130","12118","12500","12689","13731","13849","13474","13525","14091","14129","14781","15016","14717","15003"
"NUTS2","UKL2","East Wales","9828","10019","10477","11373","11724","12140","12551","12954","13203","13681","14053","14588","14518","14727","15067","15538","15669","16050","16604","16532","16746"
"NUTS3","UKL21","Monmouthshire and Newport","9904","9968","10605","11690","12118","12671","12889","13050","13459","13939","14717","15209","14797","14958","15367","15996","15961","16572","17080","17135","17292"
"NUTS3","UKL22","Cardiff and Vale of Glamorgan","9985","10347","10772","11469","11848","12304","12762","13091","13206","13797","14061","14624","14700","14839","15070","15414","15489","15785","16323","16066","16389"
"NUTS3","UKL23","Flintshire and Wrexham","9746","9884","10213","11266","11519","11818","12266","12765","12988","13287","13572","14046","13995","14239","14762","15266","15617","16066","16782","16904","16968"
"NUTS3","UKL24","Powys","9333","9289","9819","10721","11061","11348","11858","12727","13203","13679","13895","14538","14511","14973","15182","15753","15906","16036","16379","16337","16578"
"NUTS1","UKM","Scotland","9761","10147","10402","11161","11690","12165","12502","13026","13448","14038","14753","15373","15601","15712","16045","16629","17109","17382","17916","17942","18099"
"NUTS2","UKM5","North Eastern Scotland","11096","11464","11245","12124","12767","13256","13473","14362","15363","16130","17127","17974","18411","18654","19508","20330","21409","21745","21709","20664","20552"
"NUTS3","UKM50","Aberdeen City and Aberdeenshire","11096","11464","11245","12124","12767","13256","13473","14362","15363","16130","17127","17974","18411","18654","19508","20330","21409","21745","21709","20664","20552"
"NUTS2","UKM6","Highlands and Islands","8954","9240","9345","9952","10470","10949","11136","11568","11970","12911","13593","15062","15487","15704","15721","16471","16915","17093","17734","17940","18133"
"NUTS3","UKM61","Caithness and Sutherland and Ross and Cromarty","9805","10137","10299","10832","11385","12004","12128","12456","12992","13827","14030","14699","15314","15496","16030","17006","17685","17409","18093","18127","18425"
"NUTS3","UKM62","Inverness and Nairn and Moray, Badenoch and Strathspey","8955","9227","9415","9857","10317","10646","10783","11101","11287","12475","13332","15619","15690","15929","15592","16394","16908","17229","17806","18069","18250"
"NUTS3","UKM63","Lochaber, Skye and Lochalsh, Arran and Cumbrae and Argyll and Bute","8324","8574","8450","9459","10126","10842","11118","11638","12280","13207","13803","14847","15395","15556","15574","16178","16326","16434","17079","17433","17549"
"NUTS3","UKM64","Na h-Eileanan Siar","8712","9081","8968","9446","10101","10671","10935","11315","11882","11548","12700","13245","13750","14112","14319","14568","14760","15202","16457","16171","16463"
"NUTS3","UKM65","Orkney Islands","8090","8800","9311","9039","9625","9935","10044","11160","11440","12490","13860","14793","15717","16183","17005","17665","17888","17762","17750","18309","18481"
"NUTS3","UKM66","Shetland Islands","9466","9364","9558","10830","10752","10821","11260","12116","12571","13441","13863","15221","16752","16763","16697","17390","18061","19089","19950","19928","20049"
"NUTS2","UKM7","Eastern Scotland","10191","10651","10963","11726","12303","12771","13192","13777","14114","14708","15420","15913","16019","16071","16530","17138","17609","17840","18422","18549","18778"
"NUTS3","UKM71","Angus and Dundee City","9365","9685","9914","10727","11366","11908","12021","12403","12449","12909","13692","14579","14598","14390","14711","15157","15814","16147","16562","16582","16778"
"NUTS3","UKM72","Clackmannanshire and Fife","9072","9580","9798","10468","10878","11427","11764","12262","12518","12594","13557","14208","14521","14655","14851","15395","15968","16182","16858","16983","16903"
"NUTS3","UKM73","East Lothian and Midlothian","10089","10500","10905","11495","11753","12098","13079","14010","14630","15140","15766","16380","16608","17160","17509","17939","18805","19194","19727","19904","20300"
"NUTS3","UKM75","City of Edinburgh","12183","12777","13255","14142","14840","15473","15851","16339","16862","17755","18120","18516","18641","18600","19223","20072","20269","20435","21135","21203","21589"
"NUTS3","UKM76","Falkirk","8766","9100","9620","10090","10736","11155","11611","12043","12436","13097","13830","14392","14267","14078","14603","15342","15646","15655","16111","16357","16265"
"NUTS3","UKM77","Perth and Kinross and Stirling","11366","11737","11603","12344","13086","13079","13637","14909","15252","16289","16828","17024","17068","17026","17928","18414","18823","18928","19425","19530","20013"
"NUTS3","UKM78","West Lothian","8451","8931","9469","10522","11133","11703","12165","12415","12546","13218","14440","14428","14249","14488","14709","15224","15678","16102","16574","16796","17027"
"NUTS2","UKM8","West Central Scotland","9367","9714","10143","10944","11438","11837","12142","12440","12800","13289","13960","14473","14698","14670","14813","15316","15637","15974","16575","16694","16830"
"NUTS3","UKM81","East Dunbartonshire, West Dunbartonshire and Helensburgh and Lomond","9437","9860","10867","11822","12184","12698","12924","13299","13891","14548","15083","15853","16146","16390","16667","17315","17502","17634","18506","18622","18842"
"NUTS3","UKM82","Glasgow City","9022","9330","9707","10449","10895","11383","11782","12030","12196","12742","13480","13746","13995","13845","13941","14404","14565","14896","15309","15542","15682"
"NUTS3","UKM83","Inverclyde, East Renfrewshire and Renfrewshire","10453","10816","11133","12012","12708","12884","13129","13444","13927","14507","15069","15784","16026","15955","16041","16601","17205","17446","18399","18281","18068"
"NUTS3","UKM84","North Lanarkshire","8769","9114","9346","10049","10516","10914","11177","11501","11919","12103","12878","13453","13590","13653","13864","14300","14699","15286","15700","15880","16325"
"NUTS2","UKM9","Southern Scotland","9311","9669","9824","10517","10956","11558","11914","12545","12956","13432","14089","14590","14860","15176","15435","15876","16319","16568","17135","17276","17448"
"NUTS3","UKM91","Scottish Borders","9672","10195","10264","11060","11456","11922","12816","13558","14082","14702","15263","15884","16149","16426","16750","16812","17502","18254","18685","18994","19346"
"NUTS3","UKM92","Dumfries and Galloway","9413","9730","9810","10352","10639","11125","11523","12129","12272","12943","13697","14461","14967","15054","15264","15840","16211","16487","17114","17645","17652"
"NUTS3","UKM93","East Ayrshire and North Ayrshire mainland","8448","8668","8711","9486","10150","10720","11023","11617","11954","12348","13082","13313","13569","14031","14162","14511","15157","15375","15826","15766","15892"
"NUTS3","UKM94","South Ayrshire","9639","9943","10245","10842","11525","12012","12692","13358","13659","14423","14730","15421","15738","16098","16500","17176","17587","17768","18128","18274","18257"
"NUTS3","UKM95","South Lanarkshire","9730","10186","10443","11139","11389","12163","12231","12847","13446","13734","14441","14920","15071","15378","15688","16192","16424","16525","17278","17330","17611"
"NUTS1","UKN","Northern Ireland","8964","9066","9282","9838","10091","10585","11087","11678","12248","12841","13090","13353","13473","13444","13855","14188","14644","14979","15478","15651","15813"
"NUTS2","UKN0","Northern Ireland","8964","9066","9282","9838","10091","10585","11087","11678","12248","12841","13090","13353","13473","13444","13855","14188","14644","14979","15478","15651","15813"
"NUTS3","UKN06","Belfast","10130","10326","10500","11091","11344","11726","11859","12149","12352","12883","12994","13617","13930","13810","14040","14395","14823","14896","15188","15146","15215"
"NUTS3","UKN07","Armagh City, Banbridge and Craigavon","8826","8937","9148","9460","9761","10263","10787","11543","12114","12878","13250","13416","13377","13443","13794","13886","14514","15175","15594","15371","15391"
"NUTS3","UKN08","Newry, Mourne and Down","8699","8822","9019","9508","9669","10124","10760","11420","12220","12905","13038","13222","13206","13117","13646","13841","14244","14533","14616","14819","14988"
"NUTS3","UKN09","Ards and North Down","9820","9909","10107","10750","11016","11575","12003","12474","13014","13626","14063","14483","14612","14583","15016","15456","16028","16165","16581","16952","17237"
"NUTS3","UKN10","Derry City and Strabane","7237","7275","7529","7901","8320","9016","9671","10391","11262","11793","11882","11941","12128","12259","12710","13058","13401","13704","13825","14030","14282"
"NUTS3","UKN11","Mid Ulster","7982","8055","8331","8806","8962","9321","10170","11059","11735","12309","12432","12378","12294","12265","12768","12942","13355","13944","14503","15016","15292"
"NUTS3","UKN12","Causeway Coast and Glens","7283","7299","7547","8015","8541","9227","9790","10404","11316","11886","11918","11830","12170","12348","13012","13270","13648","14038","15140","15721","16051"
"NUTS3","UKN13","Antrim and Newtownabbey","9565","9653","9882","10691","10871","11398","11852","12409","12832","13354","13893","14257","14339","14208","14684","15182","15669","16060","16334","16044","16143"
"NUTS3","UKN14","Lisburn and Castlereagh","9618","9699","9968","10895","11161","11672","12194","12711","13228","13683","14230","14553","14647","14572","14857","15505","16136","16434","17675","18096","18074"
"NUTS3","UKN15","Mid and East Antrim","9501","9623","9801","10550","10551","11090","11620","12221","12709","13367","13797","14157","14278","14193","14583","15080","15568","16118","16749","16902","17089"
"NUTS3","UKN16","Fermanagh and Omagh","7911","7982","8274","8607","8891","9257","10139","11033","11805","12429","12513","12540","12515","12469","12926","13192","13362","13603","14477","14993","15289"
,,,,,,,,,,,,,,,,,,,,,,,
"1 Provisional. ",,,,,,,,,,,,,,,,,,,,,,,
